model,augmentation,accuracy,training_time,inference_time
naive_bayes,none,0.9171052631578948,13.93585729598999,5.7994064531828226e-05
naive_bayes,synonym,0.9167105263157894,18.951765060424805,5.9297524000469004e-05
naive_bayes,deletion,0.9177631578947368,18.836345911026,6.080994480534604e-05
naive_bayes,swap,0.9161842105263158,19.88886833190918,5.962622793097245e-05
