train_loss,val_loss,val_accuracy,time_per_epoch
0.5535781877850424,0.38225750758312643,0.9085,1599.508394241333
0.352823144731336,0.3806697508567013,0.9168333333333333,1963.5310170650482
0.2985320086215183,0.3675805016471616,0.92,2246.8499579429626
0.2585815839170375,0.38051148618004904,0.9230833333333334,2141.054070711136
