train_loss,val_loss,val_accuracy,time_per_epoch
0.529639770147977,0.3227631689409415,0.8871666666666667,52.77617335319519
0.29486290931922415,0.276010693843166,0.9089166666666667,52.94297671318054
0.20669306056201459,0.27674131871759894,0.9124166666666667,52.38649344444275
0.14153976463395412,0.3265806412609915,0.9068333333333334,52.37030291557312
0.10604268049502194,0.35953270428379375,0.9123333333333333,53.20463848114014
