train_loss,val_loss,val_accuracy,time_per_epoch
0.43268728802601497,0.3192598069856564,0.8939166666666667,92.80115818977356
0.22520313379748,0.28904597674682736,0.9086666666666666,93.1765546798706
0.14424781638054454,0.3537905923227469,0.9019166666666667,93.14326453208923
0.09543882300503362,0.42845751499012114,0.9068333333333334,93.38605499267578
0.06947144198689731,0.48794096127556014,0.9101666666666667,93.37401795387268
