train_loss,val_loss,val_accuracy,time_per_epoch
0.42559766090992424,0.28374391196171445,0.9063333333333333,93.91400861740112
0.2154688676543258,0.2856727254142364,0.9134166666666667,94.30366325378418
0.13452404415962735,0.38596201322972773,0.9010833333333333,94.80776357650757
0.08867220858495285,0.40272286582319067,0.9085833333333333,94.75453424453735
0.06495079876639431,0.4950953176367717,0.9116666666666666,94.3514449596405
