train_loss,val_loss,val_accuracy,time_per_epoch
0.39802558232264384,0.30421183548370995,0.902,119.88299131393433
0.1680800025557961,0.33484740859890977,0.9031666666666667,126.58434462547302
0.09039214531639246,0.42353416375722736,0.9096666666666666,126.84680008888245
0.057655396779631565,0.5644417879081641,0.8929166666666667,126.1477358341217
0.04252358092538998,0.6497096771722815,0.9028333333333334,126.31119632720947
