train_loss,val_loss,val_accuracy,time_per_epoch
0.5321615616259752,0.30379397320250673,0.8988333333333334,58.23801255226135
0.29471057702049064,0.2826578555603822,0.90275,57.99384593963623
0.20645172959828267,0.2794828264812628,0.9125833333333333,60.39833879470825
0.14792511671119266,0.31172304571419956,0.9126666666666666,61.27912783622742
0.10662053090140776,0.35699723318591714,0.9121666666666667,59.6958327293396
