train_loss,val_loss,val_accuracy,time_per_epoch
0.4211237910439571,0.2943473659008741,0.90475,95.11442232131958
0.21228391725197435,0.3007603248208761,0.9098333333333334,95.3989622592926
0.1333151047649207,0.33620167908320825,0.9131666666666667,95.54534029960632
0.08776559795819103,0.41555053178438295,0.9143333333333333,95.76860094070435
0.06466860601063645,0.5337763191449921,0.9083333333333333,96.1697986125946
