training_time,val_accuracy
18.836345911026,0.92225
