training_time,val_accuracy
18.230225563049316,0.9230833333333334
