training_time,val_accuracy
19.88886833190918,0.9229166666666667
