training_time,val_accuracy
13.282008171081543,0.9229166666666667
