training_time,val_accuracy
18.951765060424805,0.92325
