training_time,val_accuracy
13.055842876434326,0.9229166666666667
