training_time,val_accuracy
13.93585729598999,0.9229166666666667
