train_loss,val_loss,val_accuracy,time_per_epoch
0.4206254108960323,0.30839296212380235,0.8966666666666666,67.36077857017517
0.1704777578638678,0.3562802634142498,0.8983333333333333,67.76668763160706
0.09045790922038657,0.45063183109890276,0.8973333333333333,67.7579128742218
0.05802670286504794,0.5332005827023866,0.901,67.56570410728455
0.044144940103281384,0.6523632713769404,0.8983333333333333,67.58113932609558
