train_loss,val_loss,val_accuracy,time_per_epoch
0.6373702953812352,0.3707042343597463,0.8673333333333333,32.58470058441162
0.3269122869407502,0.32701938555754245,0.8875,32.39085865020752
0.21109860171663236,0.34325050445709454,0.8888333333333334,32.386155128479004
0.14348996061140945,0.35391105277503426,0.895,32.38054323196411
0.09998340420885633,0.4000777024032667,0.894,32.41953372955322
