train_loss,val_loss,val_accuracy,time_per_epoch
0.5284065969939585,0.32639739886919655,0.88525,58.529603719711304
0.29424118911833674,0.3006868118296067,0.8971666666666667,69.71367287635803
0.20557039511010602,0.2796624857733647,0.9115833333333333,70.02040004730225
0.14608870742414837,0.3286290240411957,0.90975,69.70649814605713
0.10847028830859604,0.3822964179789027,0.9026666666666666,70.59671998023987
