train_loss,val_loss,val_accuracy,time_per_epoch
0.9851121152999133,0.6588111221790314,0.77,21.403371334075928
0.4619924293819969,0.5214404977465931,0.8225,21.194941997528076
0.25156749797070166,0.484951376914978,0.8358333333333333,20.998363256454468
0.13578033856165833,0.48641725355073023,0.8383333333333334,20.987701177597046
0.0827974137690293,0.5083591683130515,0.8491666666666666,20.976332902908325
