train_loss,val_loss,val_accuracy,time_per_epoch
0.61602501016614,0.5462681494261089,0.8058333333333333,26.499666213989258
0.16443696567238936,0.5648013557258406,0.825,27.25188708305359
0.0689340791771205,0.5746401097429427,0.8458333333333333,27.53579068183899
0.03853275230315745,0.6319281462776033,0.8441666666666666,27.272976875305176
0.032460860705425136,0.7248997284393561,0.845,27.102850914001465
