train_loss,val_loss,val_accuracy,time_per_epoch
0.5139520923793316,0.5486736293686064,0.8016666666666666,28.371504068374634
0.10635594464976479,0.5263129268821917,0.8491666666666666,28.404096603393555
0.042790114015806464,0.6564465031812066,0.8441666666666666,27.95225715637207
0.029488452722499562,0.7943897112027595,0.8433333333333334,28.03013277053833
0.02628942299439115,0.7951853337060464,0.8533333333333334,27.775058031082153
