train_loss,val_loss,val_accuracy,time_per_epoch
0.49562524057979934,0.321101354157671,0.8876666666666667,50.28774309158325
0.23157194624454888,0.34844474593534114,0.8886666666666667,50.37060904502869
0.13390394997037947,0.37808060798883203,0.8948333333333334,50.390069007873535
0.08631552812358778,0.4865324110402032,0.8895,50.38535284996033
0.06361609143663534,0.5213837561183956,0.8973333333333333,50.388896465301514
