train_loss,val_loss,val_accuracy,time_per_epoch
0.3630915658714043,0.31673997918024976,0.8955,83.6594066619873
0.12537967862727775,0.4347888355916168,0.8945,84.17553400993347
0.06517119485468613,0.5318306103507255,0.8956666666666667,84.34969067573547
0.04243811821697515,0.6908101806853045,0.8921666666666667,84.415860414505
0.034633312338062126,0.8223568563191022,0.8973333333333333,84.34097909927368
