train_loss,val_loss,val_accuracy,time_per_epoch
0.43055321465322266,0.28449994533260664,0.90525,103.40805459022522
0.2242968817404299,0.28291988261789086,0.91225,98.87235593795776
0.14100584832847946,0.3611942642542223,0.9115,104.4291729927063
0.09350627018031944,0.4127453105910681,0.9055,100.40359878540039
0.06756417405719063,0.47933168212433036,0.9116666666666666,97.22019147872925
