train_loss,val_loss,val_accuracy,time_per_epoch
0.7777196719469848,0.5376393908732816,0.8133333333333334,23.506597757339478
0.2809995069271988,0.4979166749276613,0.8333333333333334,23.389680862426758
0.12759174680268323,0.5083235176770311,0.8441666666666666,23.389108419418335
0.06536790335895838,0.5368745852457849,0.8491666666666666,23.45360827445984
0.039796012328609964,0.6284186385179821,0.84,23.524057149887085
