train_loss,val_loss,val_accuracy,time_per_epoch
0.5041305857455289,0.3315071492911653,0.8836666666666667,49.54233646392822
0.24232379080907063,0.3246635196809756,0.8911666666666667,49.59287667274475
0.139905863824128,0.3572634410291435,0.9003333333333333,49.77898979187012
0.09109480771287,0.4474597008938485,0.8961666666666667,49.51586437225342
0.06513155552856538,0.518602919314017,0.895,49.65215706825256
