train_loss,val_loss,val_accuracy,time_per_epoch
0.36454951046922324,0.31252496315538886,0.901,149.82233381271362
0.16641657768838383,0.32821085743854445,0.91125,141.91498804092407
0.09531774182156315,0.42289140570908784,0.9111666666666667,177.11590218544006
0.06403284464779974,0.5297748679636085,0.9093333333333333,138.9278016090393
0.04788641404396041,0.6648066761769975,0.90775,138.5452675819397
