train_loss,val_loss,val_accuracy,time_per_epoch
0.3172960968820585,0.31316142618407805,0.9071666666666667,177.82487082481384
0.12614890262538447,0.41708231887655955,0.9066666666666666,178.75312566757202
0.0694202167912035,0.5308664847612381,0.9104166666666667,195.37183332443237
0.05029960027958493,0.6711576714825351,0.90625,225.08261942863464
0.03901427609372516,0.8537606878703421,0.90375,189.37304377555847
