train_loss,val_loss,val_accuracy,time_per_epoch
0.7641520700631318,0.5399184446585806,0.8233333333333334,23.50917887687683
0.2649714083307319,0.49467525003772034,0.8391666666666666,23.4079647064209
0.11068988058440112,0.5209540395360244,0.8525,23.691542625427246
0.05946422377049371,0.5081122917564291,0.8575,24.067283630371094
0.04345805456758373,0.5451040348332179,0.8575,23.379903078079224
