train_loss,val_loss,val_accuracy,time_per_epoch
0.42016562123458695,0.29100651236375175,0.90775,101.2458143234253
0.2135081634902292,0.2912951306551695,0.9109166666666667,100.55295038223267
0.1330383050995879,0.3716382348015904,0.9078333333333334,98.7949914932251
0.08653549085930529,0.41854836797807365,0.913,99.62680006027222
0.06422299334697325,0.5328386180186644,0.9029166666666667,109.49585676193237
