training_time,val_accuracy
10.463193416595459,0.9158333333333334
