training_time,val_accuracy
3.0655345916748047,0.9033333333333333
