training_time,val_accuracy
7.0253212451934814,0.9158333333333334
