training_time,val_accuracy
13.562219142913818,0.9229166666666667
