training_time,val_accuracy
1.813521146774292,0.9008333333333334
