training_time,val_accuracy
6.69512414932251,0.9158333333333334
