training_time,val_accuracy
16.084101915359497,0.9158333333333334
