training_time,val_accuracy
2.3510262966156006,0.8991666666666667
