training_time,val_accuracy
29.579084634780884,0.9223333333333333
