training_time,val_accuracy
22.55202579498291,0.9233333333333333
