training_time,val_accuracy
17.976773500442505,0.9229166666666667
