training_time,val_accuracy
22.22695827484131,0.9220833333333334
