training_time,val_accuracy
23.163509607315063,0.9228333333333333
