training_time,val_accuracy
1.83241605758667,0.9016666666666666
