training_time,val_accuracy
1.8206515312194824,0.9016666666666666
