training_time,val_accuracy
1.8083915710449219,0.9008333333333334
