training_time,val_accuracy
24.97714900970459,0.9226666666666666
