training_time,val_accuracy
2.343475341796875,0.9008333333333334
