training_time,val_accuracy
27.340471744537354,0.9230833333333334
