training_time,val_accuracy
31.644144773483276,0.9219166666666667
