Model,Accuracy,Inference Time (s)
bert,0.9448684210526316,0.010682160113038136
naive_bayes,0.9171052631578948,5.784552348287482e-05
neural_net,0.9034210526315789,0.0006983881237126198
