Model,Accuracy,Inference Time (s)
bert,0.9448684210526316,0.010279465122383181
naive_bayes,0.9171052631578948,5.5502464896754216e-05
neural_net,0.9034210526315789,0.0006914178864294741
