training_time,val_accuracy
13.40836787223816,0.9229166666666667
