training_time,val_accuracy
13.131793975830078,0.9229166666666667
